data_lisboa,hora_lisboa,tipo,imagens,legenda
2026-10-09,20:00,IMAGE,saida/semana-00/fix-1-boas-vindas-01.jpg,"Olá, Portugal 👋🇵🇹

Esta página é para quem fica sem palavras na hora de dizer olá. Uma deixa por dia, humor sempre, respeito acima de tudo.

Segue @zerotampas e envia ao amigo que precisa disto.

#portugal #lisboa #porto #zerotampas"
2026-10-10,20:00,IMAGE,saida/semana-00/fix-2-regras-01.jpg,"As regras da casa 📌

Aqui não há técnicas para manipular ninguém. Há confiança, piada e respeito. É isso que funciona, e é isso que fica bem.

Guarda este post.

#portugal #respeito #confianca #zerotampas"
2026-10-11,20:00,IMAGE,saida/semana-00/fix-3-comenta-deixa-01.jpg,"Começa por aqui 👇

Comenta DEIXA neste post (ou em qualquer outro) e recebes 3 deixas por mensagem: uma para o café, uma para a noite e uma para as apps.

#portugal #dicas #zerotampas"
2026-10-12,08:30,IMAGE,saida/semana-01/s01-d1-0830-01.jpg,"Deixa do dia #1 ☕

Brinca com a situação, nunca com ela. Guarda para usares esta semana.

Segue @zerotampas para uma deixa por dia.

#portugal #humorportugues #zerotampas"
2026-10-12,08:30,STORY,saida/semana-01/s01-d1-0830-story.jpg,""
2026-10-12,12:30,CAROUSEL,saida/semana-01/s01-d1-1230-01.jpg | saida/semana-01/s01-d1-1230-02.jpg | saida/semana-01/s01-d1-1230-03.jpg | saida/semana-01/s01-d1-1230-04.jpg | saida/semana-01/s01-d1-1230-05.jpg | saida/semana-01/s01-d1-1230-06.jpg,"3 deixas para o café que funcionam porque nascem do sítio onde estás ☕

Guarda e envia ao amigo que vai precisar disto no sábado.

Envia a quem precisa disto 👇

#lisboa #porto #solteiros #zerotampas"
2026-10-12,12:30,STORY,saida/semana-01/s01-d1-1230-story.jpg,""
2026-10-12,18:00,IMAGE,saida/semana-01/s01-d1-1800-01.jpg,"Ela não estava à espera desta 🎸😂

Guarda para não te esqueceres.

#primeiroencontro #portugal #zerotampas"
2026-10-12,21:30,IMAGE,saida/semana-01/s01-d1-2130-01.jpg,"Diz que não sou o único 😩

Comenta DEIXA e mando-te mais, de borla 👇

#memes #humorportugues #portugal #zerotampas"
2026-10-12,21:30,STORY,saida/semana-01/s01-d1-2130-story.jpg,""
2026-10-13,08:30,IMAGE,saida/semana-01/s01-d2-0830-01.jpg,"Deixa do dia #2 🏋️

Só no intervalo entre séries e nunca comentários sobre o corpo. Rir de ti próprio abre sempre a porta.

Partilha nos teus stories 🔁

#tinder #solteiros #portugal #zerotampas"
2026-10-13,08:30,STORY,saida/semana-01/s01-d2-0830-story.jpg,""
2026-10-13,12:30,CAROUSEL,saida/semana-01/s01-d2-1230-01.jpg | saida/semana-01/s01-d2-1230-02.jpg | saida/semana-01/s01-d2-1230-03.jpg | saida/semana-01/s01-d2-1230-04.jpg | saida/semana-01/s01-d2-1230-05.jpg,"A primeira mensagem decide tudo 📱

Marca o amigo que ainda manda «olá tudo bem?» 😂

Marca o amigo que vai usar isto 😂

#confianca #portugal #lisboa #zerotampas"
2026-10-13,12:30,STORY,saida/semana-01/s01-d2-1230-story.jpg,""
2026-10-13,18:00,IMAGE,saida/semana-01/s01-d2-1800-01.jpg,"Segue @zerotampas para uma deixa por dia.

#portugal #humorportugues #zerotampas"
2026-10-13,21:30,IMAGE,saida/semana-01/s01-d2-2130-01.jpg,"Envia ao amigo que sofre disto 😂

Envia a quem precisa disto 👇

#lisboa #porto #solteiros #zerotampas"
2026-10-13,21:30,STORY,saida/semana-01/s01-d2-2130-story.jpg,""
2026-10-14,08:00,IMAGE,saida/semana-01/s01-d3-0800-01.jpg,"Deixa do dia #3 🧀

Pedir ajuda é a forma mais fácil de começar uma conversa. As pessoas gostam de ajudar.

Guarda para não te esqueceres.

#primeiroencontro #portugal #zerotampas"
2026-10-14,08:00,STORY,saida/semana-01/s01-d3-0800-story.jpg,""
2026-10-14,10:30,IMAGE,saida/semana-01/s01-d3-1030-01.jpg,"Verdade ou mentira? 👀

Comenta DEIXA e mando-te mais, de borla 👇

#memes #humorportugues #portugal #zerotampas"
2026-10-14,13:00,CAROUSEL,saida/semana-01/s01-d3-1300-01.jpg | saida/semana-01/s01-d3-1300-02.jpg | saida/semana-01/s01-d3-1300-03.jpg | saida/semana-01/s01-d3-1300-04.jpg | saida/semana-01/s01-d3-1300-05.jpg | saida/semana-01/s01-d3-1300-06.jpg,"A primeira frase correu bem. E agora? 🤔

Guarda estas 4 regras e envia a quem fica sempre sem assunto.

Partilha nos teus stories 🔁

#tinder #solteiros #portugal #zerotampas"
2026-10-14,13:00,STORY,saida/semana-01/s01-d3-1300-story.jpg,""
2026-10-14,16:30,IMAGE,saida/semana-01/s01-d3-1630-01.jpg,"Relógio avariado, lata intacta ⌚😂

Marca o amigo que vai usar isto 😂

#confianca #portugal #lisboa #zerotampas"
2026-10-14,19:30,IMAGE,saida/semana-01/s01-d3-1930-01.jpg,"Isto devia ser disciplina obrigatória 📓

Segue @zerotampas para uma deixa por dia.

#portugal #humorportugues #zerotampas"
2026-10-14,22:00,IMAGE,saida/semana-01/s01-d3-2200-01.jpg,"Envia a quem precisa disto 👇

#lisboa #porto #solteiros #zerotampas"
2026-10-14,22:00,STORY,saida/semana-01/s01-d3-2200-story.jpg,""
2026-10-15,08:00,IMAGE,saida/semana-01/s01-d4-0800-01.jpg,"Deixa do dia #4 🎓

O sofrimento partilhado une mais do que qualquer deixa decorada.

Guarda para não te esqueceres.

#primeiroencontro #portugal #zerotampas"
2026-10-15,08:00,STORY,saida/semana-01/s01-d4-0800-story.jpg,""
2026-10-15,10:00,IMAGE,saida/semana-01/s01-d4-1000-01.jpg,"Envia ao amigo que precisa de ler isto 😂

Comenta DEIXA e mando-te mais, de borla 👇

#memes #humorportugues #portugal #zerotampas"
2026-10-15,12:00,CAROUSEL,saida/semana-01/s01-d4-1200-01.jpg | saida/semana-01/s01-d4-1200-02.jpg | saida/semana-01/s01-d4-1200-03.jpg | saida/semana-01/s01-d4-1200-04.jpg | saida/semana-01/s01-d4-1200-05.jpg | saida/semana-01/s01-d4-1200-06.jpg | saida/semana-01/s01-d4-1200-07.jpg,"Antes de pedires o número, lê isto 👀

E se vires o contrário, sai com elegância: «Bom resto de dia!»

Partilha nos teus stories 🔁

#tinder #solteiros #portugal #zerotampas"
2026-10-15,12:00,STORY,saida/semana-01/s01-d4-1200-story.jpg,""
2026-10-15,14:00,IMAGE,saida/semana-01/s01-d4-1400-01.jpg,"A diferença não é a cara. É a mensagem 👀

Envia ao amigo que vive no visto.

Marca o amigo que vai usar isto 😂

#confianca #portugal #lisboa #zerotampas"
2026-10-15,16:30,IMAGE,saida/semana-01/s01-d4-1630-01.jpg,"Foleiro? Talvez. Mas ela riu-se 🎟️

Segue @zerotampas para uma deixa por dia.

#portugal #humorportugues #zerotampas"
2026-10-15,18:30,IMAGE,saida/semana-01/s01-d4-1830-01.jpg,"Quem nunca 🙃

Envia a quem precisa disto 👇

#lisboa #porto #solteiros #zerotampas"
2026-10-15,20:30,IMAGE,saida/semana-01/s01-d4-2030-01.jpg,"A mãe dela foi a primeira a rir-se 😂

Guarda para não te esqueceres.

#primeiroencontro #portugal #zerotampas"
2026-10-15,22:30,IMAGE,saida/semana-01/s01-d4-2230-01.jpg,"Guarda isto para sábado.

Comenta DEIXA e mando-te mais, de borla 👇

#memes #humorportugues #portugal #zerotampas"
2026-10-15,22:30,STORY,saida/semana-01/s01-d4-2230-story.jpg,""
2026-10-16,08:00,IMAGE,saida/semana-01/s01-d5-0800-01.jpg,"Deixa do dia #5 🍻

Pedir-lhe que escolha entre duas coisas é a forma mais leve de começar. Sexta-feira está aí.

Partilha nos teus stories 🔁

#tinder #solteiros #portugal #zerotampas"
2026-10-16,08:00,STORY,saida/semana-01/s01-d5-0800-story.jpg,""
2026-10-16,09:30,IMAGE,saida/semana-01/s01-d5-0930-01.jpg,"Marca o amigo que vai usar isto 😂

#confianca #portugal #lisboa #zerotampas"
2026-10-16,11:00,IMAGE,saida/semana-01/s01-d5-1100-01.jpg,"Envia ao amigo que sofre disto 😂

Segue @zerotampas para uma deixa por dia.

#portugal #humorportugues #zerotampas"
2026-10-16,12:30,CAROUSEL,saida/semana-01/s01-d5-1230-01.jpg | saida/semana-01/s01-d5-1230-02.jpg | saida/semana-01/s01-d5-1230-03.jpg | saida/semana-01/s01-d5-1230-04.jpg | saida/semana-01/s01-d5-1230-05.jpg,"Antes de saíres hoje à noite, revê isto 🍸

Raramente é a cara. É a abordagem.

Envia a quem precisa disto 👇

#lisboa #porto #solteiros #zerotampas"
2026-10-16,12:30,STORY,saida/semana-01/s01-d5-1230-story.jpg,""
2026-10-16,14:00,IMAGE,saida/semana-01/s01-d5-1400-01.jpg,"Isto devia ser ensinado na escola.

Guarda para não te esqueceres.

#primeiroencontro #portugal #zerotampas"
2026-10-16,15:30,IMAGE,saida/semana-01/s01-d5-1530-01.jpg,"Outubro e já a pensar no Natal 🎄😏

Comenta DEIXA e mando-te mais, de borla 👇

#memes #humorportugues #portugal #zerotampas"
2026-10-16,17:00,IMAGE,saida/semana-01/s01-d5-1700-01.jpg,"Se já disseste alguma, não estás sozinho 😅

Partilha nos teus stories 🔁

#tinder #solteiros #portugal #zerotampas"
2026-10-16,18:30,IMAGE,saida/semana-01/s01-d5-1830-01.jpg,"Marca o amigo que vai usar isto 😂

#confianca #portugal #lisboa #zerotampas"
2026-10-16,20:30,IMAGE,saida/semana-01/s01-d5-2030-01.jpg,"Partilha nos stories se te identificas 😅

Segue @zerotampas para uma deixa por dia.

#portugal #humorportugues #zerotampas"
2026-10-16,22:30,IMAGE,saida/semana-01/s01-d5-2230-01.jpg,"«Um dia» é o dia que nunca chega 📅

Envia a quem precisa disto 👇

#lisboa #porto #solteiros #zerotampas"
2026-10-16,22:30,STORY,saida/semana-01/s01-d5-2230-story.jpg,""
2026-10-17,08:00,IMAGE,saida/semana-01/s01-d6-0800-01.jpg,"Deixa do dia #6 🐶

Os animais abrem qualquer conversa. Ela diz o nome do cão, tu dizes o teu.

Guarda para não te esqueceres.

#primeiroencontro #portugal #zerotampas"
2026-10-17,08:00,STORY,saida/semana-01/s01-d6-0800-story.jpg,""
2026-10-17,09:30,IMAGE,saida/semana-01/s01-d6-0930-01.jpg,"Até a gafe acaba em riso quando tens lata 😅

Comenta DEIXA e mando-te mais, de borla 👇

#memes #humorportugues #portugal #zerotampas"
2026-10-17,11:00,IMAGE,saida/semana-01/s01-d6-1100-01.jpg,"Marca o teu amigo com lata 😂

Partilha nos teus stories 🔁

#tinder #solteiros #portugal #zerotampas"
2026-10-17,12:30,CAROUSEL,saida/semana-01/s01-d6-1230-01.jpg | saida/semana-01/s01-d6-1230-02.jpg | saida/semana-01/s01-d6-1230-03.jpg | saida/semana-01/s01-d6-1230-04.jpg | saida/semana-01/s01-d6-1230-05.jpg | saida/semana-01/s01-d6-1230-06.jpg | saida/semana-01/s01-d6-1230-07.jpg,"A tampa bem levada esquece-se. A mal levada vira vergonha 🧢

Envia a quem precisa de ouvir isto.

Marca o amigo que vai usar isto 😂

#confianca #portugal #lisboa #zerotampas"
2026-10-17,12:30,STORY,saida/semana-01/s01-d6-1230-story.jpg,""
2026-10-17,14:00,IMAGE,saida/semana-01/s01-d6-1400-01.jpg,"Respeito e piada não têm idade 👵❤️

Segue @zerotampas para uma deixa por dia.

#portugal #humorportugues #zerotampas"
2026-10-17,15:30,IMAGE,saida/semana-01/s01-d6-1530-01.jpg,"Treina-se. Como no ginásio.

Envia a quem precisa disto 👇

#lisboa #porto #solteiros #zerotampas"
2026-10-17,17:00,IMAGE,saida/semana-01/s01-d6-1700-01.jpg,"Guarda para não te esqueceres.

#primeiroencontro #portugal #zerotampas"
2026-10-17,18:30,IMAGE,saida/semana-01/s01-d6-1830-01.jpg,"Envia ao amigo que sofre disto 😂

Comenta DEIXA e mando-te mais, de borla 👇

#memes #humorportugues #portugal #zerotampas"
2026-10-17,20:30,IMAGE,saida/semana-01/s01-d6-2030-01.jpg,"Anota 📝

Partilha nos teus stories 🔁

#tinder #solteiros #portugal #zerotampas"
2026-10-17,22:30,IMAGE,saida/semana-01/s01-d6-2230-01.jpg,"Direto ao assunto, com um sorriso 📞

Marca o amigo que vai usar isto 😂

#confianca #portugal #lisboa #zerotampas"
2026-10-17,22:30,STORY,saida/semana-01/s01-d6-2230-story.jpg,""
2026-10-18,08:00,IMAGE,saida/semana-01/s01-d7-0800-01.jpg,"Deixa do dia #7 🍕

Provoca sobre gostos, nunca sobre o corpo. Ela vai querer defender a pizza dela.

Segue @zerotampas para uma deixa por dia.

#portugal #humorportugues #zerotampas"
2026-10-18,08:00,STORY,saida/semana-01/s01-d7-0800-story.jpg,""
2026-10-18,09:30,IMAGE,saida/semana-01/s01-d7-0930-01.jpg,"Nova semana, nova lata 💪 Começa pequeno.

Envia a quem precisa disto 👇

#lisboa #porto #solteiros #zerotampas"
2026-10-18,11:00,IMAGE,saida/semana-01/s01-d7-1100-01.jpg,"Guarda para não te esqueceres.

#primeiroencontro #portugal #zerotampas"
2026-10-18,12:30,CAROUSEL,saida/semana-01/s01-d7-1230-01.jpg | saida/semana-01/s01-d7-1230-02.jpg | saida/semana-01/s01-d7-1230-03.jpg | saida/semana-01/s01-d7-1230-04.jpg | saida/semana-01/s01-d7-1230-05.jpg | saida/semana-01/s01-d7-1230-06.jpg,"Para de reagir com 🔥 aos stories dela 🙃

Guarda e envia ao amigo que vive no visto.

Comenta DEIXA e mando-te mais, de borla 👇

#memes #humorportugues #portugal #zerotampas"
2026-10-18,12:30,STORY,saida/semana-01/s01-d7-1230-story.jpg,""
2026-10-18,14:00,IMAGE,saida/semana-01/s01-d7-1400-01.jpg,"Não me julguem 🐶

Partilha nos teus stories 🔁

#tinder #solteiros #portugal #zerotampas"
2026-10-18,15:30,IMAGE,saida/semana-01/s01-d7-1530-01.jpg,"O emoji que acabou em conversa 🍿

Marca o amigo que vai usar isto 😂

#confianca #portugal #lisboa #zerotampas"
2026-10-18,17:00,IMAGE,saida/semana-01/s01-d7-1700-01.jpg,"Simples assim.

Segue @zerotampas para uma deixa por dia.

#portugal #humorportugues #zerotampas"
2026-10-18,18:30,IMAGE,saida/semana-01/s01-d7-1830-01.jpg,"Clássico com pinta 🏆

Envia a quem precisa disto 👇

#lisboa #porto #solteiros #zerotampas"
2026-10-18,20:30,IMAGE,saida/semana-01/s01-d7-2030-01.jpg,"Guarda para não te esqueceres.

#primeiroencontro #portugal #zerotampas"
2026-10-18,22:30,IMAGE,saida/semana-01/s01-d7-2230-01.jpg,"Envia ao amigo que sofre disto 😂

Comenta DEIXA e mando-te mais, de borla 👇

#memes #humorportugues #portugal #zerotampas"
2026-10-18,22:30,STORY,saida/semana-01/s01-d7-2230-story.jpg,""